City_ID,City,Lat,Lng,Max Temp,Humidity,Cloudiness,Wind Speed,Country,Date
0,whitehorse,60.7161,-135.0538,57.02,45,75,15.01,CA,1714949034
1,hovd,48.0056,91.6419,57.22,17,2,7.92,MN,1714949546
2,linhares,-19.3911,-40.0722,73.65,94,12,3.76,BR,1714949546
3,grytviken,-54.2811,-36.5092,37.18,87,70,9.48,GS,1714949546
4,edinburgh of the seven seas,-37.0676,-12.3116,55.9,63,48,30.94,SH,1714949546
5,beledweyne,4.7358,45.2036,78.82,81,100,11.54,SO,1714949546
6,dudinka,69.4058,86.1778,8.67,88,62,10.0,RU,1714949546
7,afaahiti,-17.75,-149.2833,84.07,84,24,19.55,PF,1714949546
8,puerto natales,-51.7236,-72.4875,29.64,84,16,3.71,CL,1714949547
9,selfoss,63.9331,-20.9971,36.05,59,19,12.68,IS,1714949547
10,port-aux-francais,-49.35,70.2167,41.68,79,77,22.75,TF,1714949547
11,puerto ayora,-0.7393,-90.3518,82.36,95,78,5.01,EC,1714949547
12,palmer,42.1584,-72.3287,49.55,83,100,5.75,US,1714949547
13,altamira,-3.2033,-52.2064,76.51,95,100,1.12,BR,1714949369
14,waitangi,-43.9535,-176.5597,56.82,82,61,4.0,NZ,1714949547
15,udachny,66.4167,112.4,24.44,88,70,5.23,RU,1714949547
16,malango,-2.9627,119.9001,67.32,98,100,2.04,ID,1714949547
17,iskateley,67.6803,53.1512,19.02,88,92,4.0,RU,1714949548
18,kencong,-8.2833,113.3667,72.95,90,35,3.6,ID,1714949548
19,canillo,42.5833,1.6667,45.43,89,100,3.91,AD,1714949548
20,adamstown,-25.066,-130.1015,70.66,67,62,18.81,PN,1714949548
21,aasiaat,68.7098,-52.8699,12.88,90,56,6.29,GL,1714949548
22,arkhangel'sk,64.5401,40.5433,28.13,86,75,2.24,RU,1714949548
23,tonnay-charente,45.95,-0.9,55.36,87,89,8.88,FR,1714949548
24,nova sintra,14.8667,-24.7167,75.02,79,0,6.96,CV,1714949548
25,garbahaarrey,3.3289,42.2209,78.48,82,100,11.81,SO,1714949549
26,kingston,17.997,-76.7936,83.35,74,40,23.02,JM,1714948966
27,olonkinbyen,70.9221,-8.7187,33.48,94,100,28.01,SJ,1714949549
28,fale old settlement,-9.3852,-171.2468,84.97,76,65,8.34,TK,1714949549
29,manicore,-5.8092,-61.3003,77.65,97,100,2.68,BR,1714949549
30,nova vicosa,-17.8919,-39.3719,78.04,87,11,8.39,BR,1714949537
31,carnarvon,-24.8667,113.6333,67.48,51,0,17.34,AU,1714949549
32,yaren,-0.5472,166.916,83.89,73,83,7.54,NR,1714949550
33,kodiak,57.79,-152.4072,44.11,76,75,10.36,US,1714949409
34,mutoko,-17.397,32.2268,54.95,70,0,2.21,ZW,1714949550
35,aswan,24.0934,32.907,81.7,16,0,3.44,EG,1714949550
36,puerto san jose,13.9256,-90.8244,87.58,66,99,8.28,GT,1714949550
37,georgetown,5.4112,100.3354,82.33,83,20,3.44,MY,1714949550
38,novodvinsk,64.4165,40.8122,27.79,86,33,4.25,RU,1714949550
39,vilyuchinsk,52.9306,158.4028,43.07,67,52,1.19,RU,1714949550
40,ulaangom,49.9811,92.0667,53.91,35,19,2.62,MN,1714949551
41,avarua,-21.2078,-159.775,82.45,83,75,13.8,CK,1714949551
42,isafjordur,66.0755,-23.124,34.65,76,45,10.13,IS,1714949551
43,mammoth lakes,37.6485,-118.9721,41.72,41,40,20.71,US,1714949551
44,enewetak,11.3474,162.3373,82.33,75,99,14.45,MH,1714949551
45,mejit,10.2753,170.8646,82.24,75,100,17.29,MH,1714949551
46,naze,28.3667,129.4833,72.52,93,84,15.55,JP,1714949551
47,ushuaia,-54.8,-68.3,35.26,87,100,21.85,AR,1714949548
48,bethel,41.3712,-73.414,50.9,88,100,4.61,US,1714949552
49,wicklow,53.0,-6.4167,47.34,85,96,3.22,IE,1714949552
50,kodinar,20.7903,70.7031,80.1,80,24,12.62,IN,1714949552
51,flying fish cove,-10.4217,105.6791,78.48,83,75,12.66,CX,1714949552
52,sault ste. marie,46.5168,-84.3333,55.96,47,0,14.97,CA,1714949315
53,loei,17.4167,101.5,65.57,54,0,1.99,TH,1714949552
54,nar'yan-mar,67.6713,53.087,19.11,88,93,4.0,RU,1714949385
55,gotse delchev,41.5667,23.7333,49.03,90,19,2.13,BG,1714949553
56,bambanglipuro,-7.95,110.2833,73.96,92,27,4.59,ID,1714949553
57,blackmans bay,-43.0167,147.3167,50.74,78,95,2.73,AU,1714949553
58,iqaluit,63.7506,-68.5145,26.33,79,100,11.5,CA,1714949266
59,longyearbyen,78.2186,15.6401,24.64,68,75,5.75,SJ,1714949309
60,coahuayana de hidalgo,18.7,-103.6583,84.22,53,47,6.35,MX,1714949553
61,west island,-12.1568,96.8225,82.38,74,40,19.57,CC,1714949553
62,moose jaw,50.4001,-105.5344,70.05,26,79,25.32,CA,1714949554
63,vila velha,-20.3297,-40.2925,80.55,83,75,4.61,BR,1714949327
64,ciudad constitucion,25.0369,-111.6644,80.89,29,86,20.04,MX,1714949554
65,saint-pierre,-21.3393,55.4781,71.28,60,0,6.91,RE,1714949554
66,rice lake,45.5061,-91.7382,67.68,32,0,5.75,US,1714949554
67,atafu village,-8.5421,-172.5159,84.67,74,54,8.68,TK,1714949554
68,shamgarh,24.1833,75.6333,85.08,32,0,12.8,IN,1714949554
69,tiksi,71.6872,128.8694,24.06,88,98,3.38,RU,1714949554
70,luderitz,-26.6481,15.1594,61.32,65,0,4.09,NA,1714949555
71,lorengau,-2.0226,147.2712,83.39,81,100,2.01,PG,1714949555
72,es castell,39.8795,4.2854,61.48,100,0,10.36,ES,1714949555
73,essaouira,31.5125,-9.77,69.3,60,100,11.5,MA,1714949555
74,ellsworth,44.5434,-68.4195,46.94,93,100,11.5,US,1714948742
75,callao,-12.0667,-77.15,64.69,88,100,10.36,PE,1714949471
76,khandyga,62.6667,135.6,34.9,100,100,2.98,RU,1714949555
77,aketi,2.7388,23.7833,72.7,86,42,0.69,CD,1714949556
78,hobyo,5.3505,48.5268,83.7,70,100,15.21,SO,1714949556
79,haiku-pauwela,20.9219,-156.3051,78.82,66,40,20.71,US,1714949556
80,tachov,49.7953,12.6337,52.95,96,48,2.21,CZ,1714949556
81,canelones,-34.6444,-56.2886,64.42,88,75,8.05,UY,1714949366
82,bereeda,11.8704,51.0579,84.92,73,29,7.29,SO,1714948974
83,choyr,46.3611,108.3611,50.0,56,7,6.33,MN,1714949556
84,mata-utu,-13.2816,-176.1745,84.43,78,97,11.56,WF,1714949557
85,itamaraca,-7.7478,-34.8256,84.25,79,36,8.9,BR,1714949557
86,sitka,57.0531,-135.33,44.49,76,100,4.61,US,1714949557
87,ivdel',60.6911,60.4206,30.18,66,38,3.0,RU,1714949557
88,ribeira grande,38.5167,-28.7,65.77,94,100,17.0,PT,1714949557
89,punta arenas,-53.15,-70.9167,32.11,74,0,8.05,CL,1714949557
90,dunedin,-45.8742,170.5036,48.79,74,94,8.99,NZ,1714949558
91,constantia,44.1833,28.65,48.88,68,0,10.58,RO,1714949558
92,shetpe,44.1667,52.1167,51.57,67,100,13.44,KZ,1714949558
93,prejmer,45.7167,25.7667,53.26,94,32,1.61,RO,1714949558
94,pontevedra,42.431,-8.6444,54.14,94,2,3.02,ES,1714949550
95,domna,51.8971,113.1573,42.96,100,20,2.24,RU,1714949558
96,oudtshoorn,-33.5907,22.2014,64.18,20,34,6.67,ZA,1714949558
97,sandnessjoen,66.0217,12.6316,39.72,70,7,14.34,NO,1714949558
98,ilulissat,69.2167,-51.1,21.22,86,100,6.91,GL,1714949559
99,fortuna,40.5982,-124.1573,58.66,65,100,11.5,US,1714949559
100,sampit,-2.5333,112.95,74.37,99,72,1.9,ID,1714949559
101,gulnar,36.3415,33.3992,47.14,61,12,8.93,TR,1714949559
102,bikenibeu village,1.3673,173.1241,85.96,74,75,3.44,KI,1714949559
103,bamboo flat,11.7,92.7167,82.98,76,75,4.68,IN,1714949559
104,caconda,-13.7333,15.0667,56.88,58,3,4.27,AO,1714949559
105,thompson,55.7435,-97.8558,53.76,47,75,9.22,CA,1714949431
106,puerto leguizamo,-0.1934,-74.7819,73.69,99,100,4.05,CO,1714949560
107,bayganin,48.6947,55.8742,44.26,40,100,7.7,KZ,1714949560
108,albany,42.6001,-73.9662,52.09,83,100,1.01,US,1714949560
109,lompoc,34.6391,-120.4579,66.78,59,0,23.02,US,1714949560
110,leava,-14.3,-178.1667,84.7,79,100,12.44,WF,1714949560
111,vorgashor,67.5833,63.95,-2.2,100,100,2.3,RU,1714949560
112,gelemso,8.8167,40.5167,60.89,94,100,4.16,ET,1714949560
113,cabo san lucas,22.8909,-109.9124,88.61,30,40,10.36,MX,1714949360
114,nurota,40.5614,65.6886,58.91,68,24,3.4,UZ,1714949561
115,invercargill,-46.4,168.35,46.02,79,86,10.0,NZ,1714949561
116,guerrero negro,27.9769,-114.0611,66.06,61,5,23.06,MX,1714949561
117,bredasdorp,-34.5322,20.0403,55.65,65,88,4.05,ZA,1714949561
118,yellowknife,62.456,-114.3525,56.41,59,75,11.5,CA,1714949561
119,sinabang,2.4803,96.3801,80.55,87,84,1.34,ID,1714949561
120,shevchenko,48.5,35.0,55.74,45,46,12.68,UA,1714949561
121,bukama,-9.2,25.85,68.86,69,0,3.42,CD,1714949561
122,gornyy,55.1153,83.9059,42.26,79,100,9.82,RU,1714949561
123,ixtapa,20.7,-105.2,81.23,74,100,5.01,MX,1714949562
124,klyuchi,52.2667,79.1667,42.64,67,100,10.27,RU,1714949562
125,hamilton,39.1834,-84.5333,79.43,59,0,8.05,US,1714949516
126,batticaloa,7.7102,81.6924,82.31,84,100,7.25,LK,1714949562
127,port elizabeth,-33.918,25.5701,63.32,66,0,4.61,ZA,1714949562
128,stanley,54.868,-1.6985,53.53,93,40,3.44,GB,1714949562
129,zyryanskoye,56.8306,86.6258,45.66,74,100,9.82,RU,1714949562
130,kirensk,57.7853,108.1119,44.96,93,96,3.0,RU,1714949562
131,turriff,57.5384,-2.4593,55.33,97,100,4.72,GB,1714949563
132,tura,25.5198,90.2201,66.07,93,18,4.21,IN,1714949563
133,tolanaro,-25.0319,46.9987,71.67,83,20,16.11,MG,1714949563
134,port blair,11.6667,92.75,83.89,76,69,4.94,IN,1714949281
135,colonia,50.9333,6.95,57.96,75,0,2.3,DE,1714949465
136,papatowai,-46.5619,169.4708,46.98,63,89,14.65,NZ,1714949563
137,ushtobe,45.2514,77.9838,62.73,76,85,16.24,KZ,1714949564
138,mahibadhoo,3.7833,72.9667,84.81,80,99,12.24,MV,1714949564
139,baardheere,2.3446,42.2764,77.05,86,100,7.54,SO,1714949564
140,hermanus,-34.4187,19.2345,55.8,65,27,13.02,ZA,1714949564
141,petropavlovsk-kamchatsky,53.0452,158.6483,41.59,78,40,8.01,RU,1714949564
142,quezon,7.7303,125.0989,78.37,69,44,2.93,PH,1714949564
143,hadibu,12.65,54.0333,84.79,79,16,1.77,YE,1714949564
144,utrik,11.2278,169.8474,81.45,81,90,16.89,MH,1714949565
145,shenjiamen,29.9576,122.298,62.87,93,95,5.7,CN,1714949565
146,margaret river,-33.95,115.0667,58.68,84,55,8.72,AU,1714949565
147,suoyarvi,62.0833,32.35,26.92,81,20,3.4,RU,1714949565
148,san patricio,28.017,-97.5169,80.55,68,34,17.02,US,1714949565
149,garango,11.8,-0.5506,92.26,39,63,6.31,BF,1714949565
150,college,64.8569,-147.8028,59.07,40,75,10.36,US,1714949363
151,port mathurin,-19.6833,63.4167,78.76,65,97,17.63,MU,1714949565
152,mercedes,-34.6515,-59.4307,65.79,92,100,5.95,AR,1714949468
153,portland,45.5234,-122.6762,54.19,93,100,12.66,US,1714949481
154,todos santos,23.45,-110.2167,92.3,80,59,8.1,MX,1714949566
155,berrotaran,-32.451,-64.3887,55.22,83,69,2.26,AR,1714949566
156,gornozavodsk,58.3758,58.3211,26.13,80,39,4.07,RU,1714949566
157,windhoek,-22.5594,17.0832,58.1,32,0,6.91,NA,1714949566
158,campoverde,-8.4753,-74.8058,87.49,81,60,2.1,PE,1714949567
159,akureyri,65.6835,-18.0878,44.53,57,40,13.8,IS,1714949567
160,keflavik,64.0049,-22.5624,39.11,87,40,19.57,IS,1714949567
161,ruthen,51.4909,8.436,45.57,88,0,2.3,DE,1714949567
162,otjimbingwe,-22.35,16.1333,68.34,24,0,4.27,NA,1714949567
163,lhasa,29.65,91.1,39.47,89,100,1.54,CN,1714949567
164,usinsk,65.9939,57.5281,16.07,90,62,7.0,RU,1714949528
165,tangalle,6.024,80.7911,79.9,90,58,6.78,LK,1714949568
166,ugoofaaru,5.6667,73.0,85.03,79,92,10.69,MV,1714949568
167,poronaysk,49.2167,143.1167,33.26,100,100,8.12,RU,1714949568
168,sambava,-14.2667,50.1667,73.54,84,7,10.33,MG,1714949568
169,frinton-on-sea,51.8388,1.2463,53.1,89,50,5.35,GB,1714949568
170,gebeit,21.0667,36.3167,77.45,21,0,1.59,SD,1714949568
171,pocone,-16.2567,-56.6228,81.95,50,0,4.25,BR,1714949568
172,ariquemes,-9.9133,-63.0408,79.54,84,99,3.22,BR,1714949388
173,severo-yeniseyskiy,60.3725,93.0408,35.58,100,100,4.0,RU,1714949569
174,tuensang,26.2833,94.8333,56.97,97,96,3.98,IN,1714949569
175,kiama,-34.6833,150.8667,68.0,91,76,1.99,AU,1714949569
176,port alfred,-33.5906,26.891,69.37,57,23,10.56,ZA,1714949569
177,wailua homesteads,22.0669,-159.378,81.03,74,75,18.41,US,1714949569
178,veraval,20.9,70.3667,80.51,82,22,12.01,IN,1714949569
179,aras-asan,8.8908,126.3033,79.18,86,55,3.4,PH,1714949569
180,kerikeri,-35.2268,173.9474,63.91,93,95,1.01,NZ,1714949569
181,baotou,40.6522,109.8222,58.08,42,50,5.97,CN,1714949570
182,panjab,34.388,67.0233,36.86,61,0,3.78,AF,1714949570
183,vila franca do campo,37.7167,-25.4333,64.89,99,100,4.81,PT,1714949570
184,dongkan,33.9997,119.8308,59.99,90,64,9.37,CN,1714949570
185,zolochiv,49.806,24.8944,53.65,84,90,6.15,UA,1714949570
186,raahe,64.6833,24.4833,33.89,86,12,5.14,FI,1714949570
187,bilibino,68.0546,166.4372,28.4,64,7,1.54,RU,1714949570
188,devonport,-41.1667,146.35,50.52,82,81,5.7,AU,1714949571
189,san ignacio,17.1561,-89.0714,102.34,32,0,6.91,BZ,1714949421
190,rocha,-34.4833,-54.3333,66.02,97,100,4.09,UY,1714949366
191,vernon,50.2581,-119.2691,69.75,38,100,4.0,CA,1714949356
192,noosa heads,-26.3833,153.15,70.11,79,30,15.12,AU,1714949571
193,fort bragg,35.139,-79.006,77.14,85,100,5.75,US,1714949571
194,pasighat,28.0667,95.3333,68.99,66,100,2.62,IN,1714949571
195,prince george,53.9166,-122.753,67.44,31,75,10.36,CA,1714949497
196,mirnyy,62.5353,113.9611,26.24,89,11,1.99,RU,1714949572
197,new norfolk,-42.7826,147.0587,51.93,74,91,2.66,AU,1714949572
198,silvia,2.611,-76.3785,54.57,95,92,3.0,CO,1714949572
199,labrador city,52.9463,-66.9114,51.71,58,75,17.27,CA,1714949572
200,alvaraes,-3.2208,-64.8042,87.67,96,84,1.43,BR,1714949572
201,kaa-khem,51.6833,94.7333,56.41,48,76,6.62,RU,1714949572
202,miches,18.9836,-69.0476,78.94,85,100,5.37,DO,1714949573
203,bardai,11.65,7.2333,84.13,26,0,9.19,NG,1714949573
204,antsiranana,-12.2787,49.2917,76.82,73,9,14.85,MG,1714949573
205,sanibel,26.449,-82.0223,88.07,69,0,4.0,US,1714949573
206,princeville,45.7668,-61.2985,50.65,70,0,10.36,CA,1714949574
207,hengyang,26.8881,112.615,65.46,90,98,2.53,CN,1714949324
208,celestun,20.8667,-90.4,83.01,72,0,18.1,MX,1714949574
209,buka,40.8108,69.1986,60.46,82,66,3.38,UZ,1714949574
210,palmas de monte alto,-14.2672,-43.1619,77.22,66,76,5.84,BR,1714949574
211,queenstown,-31.8976,26.8753,58.71,38,1,7.05,ZA,1714949574
212,hawaiian paradise park,19.5933,-154.9731,76.51,78,75,11.5,US,1714949574
213,badger,64.8,-147.5333,58.98,37,20,10.36,US,1714949575
214,ancud,-41.8697,-73.8203,45.43,90,96,19.86,CL,1714949575
215,malangawa,26.8568,85.5581,75.67,64,29,17.78,NP,1714949575
216,urganch,41.55,60.6333,57.15,72,0,4.61,UZ,1714949372
217,west bay,19.3667,-81.4167,86.07,66,20,10.36,KY,1714949354
218,mount pearl,47.5166,-52.7813,35.33,83,20,3.44,CA,1714949575
219,jutai,-5.1833,-68.9,81.95,77,99,2.64,BR,1714949575
220,kone,-21.0595,164.8658,79.45,52,39,3.51,NC,1714949575
221,kavieng,-2.5744,150.7967,83.89,73,100,1.43,PG,1714949575
222,moyynkum,44.2914,72.9469,51.66,87,61,5.53,KZ,1714949576
223,sines,37.9562,-8.8698,60.19,94,100,7.65,PT,1714949576
224,ribeira brava,32.65,-17.0667,71.01,84,92,0.65,PT,1714949576
225,island harbour,50.724,-1.2758,52.21,64,29,3.02,GB,1714949576
226,ventspils,57.3894,21.5606,51.73,62,0,9.22,LV,1714949576
227,al 'amarah,31.8406,47.1396,80.46,38,75,10.78,IQ,1714949576
228,city of balikpapan,-1.242,116.8942,76.95,88,40,2.3,ID,1714949577
229,camabatela,-8.1881,15.375,64.51,67,62,3.65,AO,1714949577
230,zaozersk,69.4005,32.4476,25.45,96,100,7.29,RU,1714949577
231,holzkirchen,47.8766,11.7018,50.63,84,78,4.36,DE,1714949577
232,salalah,17.0151,54.0924,84.29,84,20,2.3,OM,1714949577
233,arraial do cabo,-22.9661,-42.0278,76.14,90,2,21.7,BR,1714949422
234,qaqortoq,60.7167,-46.0333,31.46,71,0,1.95,GL,1714949577
235,remire-montjoly,4.9167,-52.2667,82.44,89,75,6.91,GF,1714949577
236,quellon,-43.1167,-73.6167,43.21,90,100,10.69,CL,1714949578
237,camalu,30.85,-116.0667,61.38,60,54,20.8,MX,1714949578
238,mokhsogollokh,61.4681,128.9203,40.23,70,68,6.11,RU,1714949578
239,leshan,29.5623,103.7639,63.55,84,73,0.51,CN,1714949578
240,katsuura,35.1333,140.3,68.85,76,99,21.52,JP,1714949578
241,carolina beach,34.0352,-77.8936,77.07,87,64,1.01,US,1714949578
242,nikolayevsk-on-amure,53.1406,140.73,40.89,49,15,4.72,RU,1714949578
243,paramonga,-10.6667,-77.8333,67.78,88,45,8.14,PE,1714949578
244,luanda,-8.8368,13.2343,80.6,91,33,6.91,AO,1714949579
245,el porvenir,13.7617,-87.3458,90.73,57,34,6.13,HN,1714949579
246,antofagasta,-23.65,-70.4,60.08,86,23,6.29,CL,1714949478
247,fort-shevchenko,44.5086,50.263,53.8,83,100,17.22,KZ,1714949579
248,iguape,-24.7081,-47.5553,74.07,92,1,5.79,BR,1714949579
249,al wakrah,24.85,51.3333,82.49,39,16,8.55,QA,1714949579
250,labuan,5.2767,115.2417,79.16,100,20,0.0,MY,1714949344
251,victorica,-36.2151,-65.4359,52.95,78,81,9.26,AR,1714949579
252,anadyr,64.75,177.4833,23.5,68,20,6.71,RU,1714949580
253,winnemucca,40.973,-117.7357,39.72,57,99,14.65,US,1714949580
254,novyy urengoy,66.0833,76.6333,20.86,95,100,13.35,RU,1714949580
255,hotan,37.0997,79.9269,66.36,19,77,5.28,CN,1714949580
256,peace river,56.2501,-117.286,62.91,29,40,5.75,CA,1714949580
257,nizhnyaya salda,58.0776,60.7202,23.05,93,19,4.38,RU,1714949580
258,zalingei,12.9096,23.4741,80.64,10,0,6.8,SD,1714949580
259,tibanbang,6.6315,126.1055,80.92,82,93,5.19,PH,1714949580
260,plettenberg bay,-34.0527,23.3716,61.99,43,20,3.85,ZA,1714949581
261,pingliang,35.5392,106.6861,58.57,35,2,5.79,CN,1714949581
262,fort mcmurray,56.7268,-111.381,62.19,29,0,11.5,CA,1714949581
263,taoudenni,22.6783,-3.9836,88.0,5,0,10.45,ML,1714949581
264,emerald,-23.5333,148.1667,69.35,64,10,16.2,AU,1714949581
265,el charco,2.4769,-78.1105,78.94,89,100,3.98,CO,1714949581
266,komyshuvakha,47.7176,35.5288,48.18,54,7,9.19,UA,1714949582
267,letlhakeng,-24.0944,25.0298,62.73,35,0,4.07,BW,1714949582
268,nuuk,64.1835,-51.7216,27.21,59,3,13.8,GL,1714949582
269,kidal,18.4411,1.4078,94.21,20,56,5.82,ML,1714949582
270,lerwick,60.1545,-1.1494,48.2,96,100,5.57,GB,1714949582
271,alice springs,-23.7,133.8833,45.95,87,27,5.75,AU,1714949582
272,san felipe,10.3399,-68.7425,74.82,95,100,1.45,VE,1714949582
273,revda,56.801,59.9303,26.38,90,47,4.09,RU,1714949583
274,veinticinco de mayo,-35.4323,-60.1727,61.99,95,100,1.99,AR,1714949583
275,cardigan,52.0847,-4.6591,50.38,93,98,1.19,GB,1714949583
276,ostersund,63.1792,14.6357,39.65,60,100,14.97,SE,1714949550
277,macaubas,-13.0194,-42.6986,71.17,75,60,3.18,BR,1714949583
278,pisco,-13.7,-76.2167,68.05,83,20,5.75,PE,1714949484
279,miasskoye,55.2784,61.8905,34.86,66,62,7.56,RU,1714949583
280,dame-marie,18.5667,-74.4167,79.72,83,77,4.43,HT,1714949583
281,kolonia town,6.964,158.206,82.51,89,100,9.22,FM,1714949584
282,ust-nera,64.5667,143.2,35.22,81,100,3.74,RU,1714949584
283,dadukou,26.5479,101.7054,62.15,60,69,2.01,CN,1714949584
284,businga,3.3333,20.8833,76.15,61,0,2.24,CD,1714949584
285,la passe,45.5549,-0.8967,55.63,83,100,10.89,FR,1714949584
286,hithadhoo,-0.6,73.0833,85.23,78,100,14.92,MV,1714949584
287,tromso,69.6496,18.957,33.82,60,100,6.91,NO,1714949584
288,tutoia,-2.7619,-42.2744,79.02,89,94,6.35,BR,1714949584
289,susuman,62.7833,148.1667,26.98,86,84,1.99,RU,1714949585
290,morondava,-20.2833,44.2833,74.07,73,1,4.07,MG,1714949585
291,wenceslau braz,-23.8739,-49.8028,69.93,51,0,1.99,BR,1714949585
292,nyurba,63.2842,118.3319,29.73,98,89,2.08,RU,1714949585
293,usogorsk,63.4106,48.6872,28.67,81,86,5.06,RU,1714949585
294,robore,-18.3333,-59.75,83.1,44,0,4.47,BO,1714949585
295,manakara,-22.1333,48.0167,71.89,68,100,1.63,MG,1714949585
296,jinchang,38.4953,102.1739,56.59,17,3,3.06,CN,1714949585
297,pangkalpinang,-2.1333,106.1333,78.13,90,42,4.38,ID,1714949586
298,rio grande,-32.035,-52.0986,77.11,94,26,5.77,BR,1714949575
299,berezovyy,51.6667,135.7,42.48,59,77,5.17,RU,1714949586
300,taradale,-39.5333,176.85,64.02,60,35,5.99,NZ,1714949586
301,oceanside,33.1959,-117.3795,67.12,59,20,11.5,US,1714949520
302,jamestown,42.097,-79.2353,67.59,90,100,5.99,US,1714949572
303,siwa oasis,29.2041,25.5195,66.61,52,0,8.46,EG,1714949586
304,bonny,4.4522,7.1681,83.44,79,86,7.96,NG,1714949586
305,umm kaddadah,13.6017,26.6876,83.68,9,0,11.83,SD,1714949587
306,westport,41.1415,-73.3579,52.32,90,100,10.36,US,1714949587
307,st. john's,47.5649,-52.7093,36.16,83,20,3.44,CA,1714949544
308,port lincoln,-34.7333,135.8667,59.0,84,0,10.67,AU,1714949587
309,bridgewater,44.3835,-64.5155,46.11,74,90,16.11,CA,1714949587
310,lihue,21.9789,-159.3672,81.64,68,75,18.41,US,1714949587
311,ghat,24.9647,10.1728,80.33,37,100,5.14,LY,1714949587
312,zavetnoye,47.1194,43.8903,41.85,42,17,5.08,RU,1714949588
313,knysna,-34.0363,23.0471,61.93,44,40,3.69,ZA,1714949588
314,touros,-5.1989,-35.4608,79.57,85,28,12.64,BR,1714949342
315,egersund,58.4513,5.9997,53.1,88,99,6.67,NO,1714949588
316,guatrache,-37.6678,-63.5302,56.73,49,100,9.42,AR,1714949588
317,na mom,6.9586,100.5568,82.62,94,20,0.0,TH,1714949588
318,brak,27.5496,14.2714,76.03,21,73,18.05,LY,1714949588
319,tralee,52.2704,-9.7026,47.43,96,30,3.44,IE,1714949588
320,xiaoweizhai,26.1903,107.5125,63.81,90,100,2.19,CN,1714949589
321,lebu,-37.6167,-73.65,49.21,76,59,10.96,CL,1714949297
322,makurazaki,31.2667,130.3167,67.84,98,100,17.76,JP,1714949589
323,belyy yar,53.6039,91.3903,49.89,81,0,4.47,RU,1714949589
324,zalari,53.5584,102.5065,52.29,58,92,9.17,RU,1714949589
325,krasnyy kut,50.95,46.9667,50.07,42,68,20.69,RU,1714949589
326,blackwater,-23.5833,148.8833,72.84,64,7,5.91,AU,1714949589
327,dili,-8.5586,125.5736,79.83,77,100,3.0,TL,1714949589
328,coyhaique,-45.5752,-72.0662,35.55,80,100,5.75,CL,1714949590
329,chadron,42.8294,-102.9999,65.88,55,0,26.46,US,1714949590
330,yemel'yanovo,56.1681,92.6767,54.09,100,0,8.95,RU,1714949590
331,ta`u,-14.2336,-169.5144,82.72,81,95,10.63,AS,1714949590
332,malavalli,12.3833,77.0833,76.96,71,7,5.44,IN,1714949590
333,oranjemund,-28.55,16.4333,58.08,69,0,1.77,NA,1714949590
334,yung shue wan,22.2333,114.1167,78.31,92,40,2.21,HK,1714949590
335,deqen,29.9618,90.7188,34.18,90,100,3.31,CN,1714949590
336,kabalo,-6.05,26.9167,71.19,73,80,3.94,CD,1714949591
337,thunder bay,48.4001,-89.3168,64.31,27,20,17.27,CA,1714949033
338,wuppertal,51.2667,7.1833,56.75,86,100,3.24,DE,1714949504
339,ust'-kut,56.7938,105.7672,51.42,69,100,4.45,RU,1714949591
340,primero de mayo,-32.2552,-58.4228,65.55,94,95,6.91,AR,1714949591
341,geraldton,-28.7667,114.6,50.41,87,0,8.05,AU,1714949295
342,berck-plage,50.407,1.5645,52.18,93,40,4.61,FR,1714949591
343,okhotsk,59.3833,143.3,36.52,82,72,2.28,RU,1714949591
344,oroqen zizhiqi,50.5667,123.7167,52.34,35,1,1.45,CN,1714949592
345,talnakh,69.4865,88.3972,8.2,81,22,4.25,RU,1714949592
346,roxas,11.5853,122.7511,83.14,82,25,6.42,PH,1714949592
347,qarchi gak,37.04,66.7889,71.96,56,2,18.03,AF,1714949592
348,puerto aysen,-45.4,-72.7,33.71,98,100,1.97,CL,1714949297
349,igarka,67.4667,86.5833,24.03,78,100,11.99,RU,1714949592
350,madang,-5.2246,145.7966,84.2,74,96,4.56,PG,1714949592
351,gunnison,38.7,-107.0673,56.25,36,99,13.38,US,1714949592
352,broken hill,-31.95,141.4333,56.62,52,0,13.8,AU,1714949593
353,shimo-furano,43.35,142.3833,55.8,86,100,4.52,JP,1714949593
354,newman,37.3138,-121.0208,64.63,50,21,8.99,US,1714949593
355,as sulayyil,20.4607,45.5779,84.45,49,0,13.62,SA,1714949593
356,suva,-18.1416,178.4415,80.08,94,75,8.05,FJ,1714949593
357,fort st. john,56.2499,-120.8529,62.49,23,20,4.61,CA,1714949482
358,smithers,54.7804,-127.1743,52.12,82,100,4.61,CA,1714949593
359,borogontsy,62.6683,131.1683,44.06,68,35,7.43,RU,1714949594
360,tazovsky,67.4667,78.7,19.31,94,100,14.12,RU,1714949594
361,mount pleasant,32.7941,-79.8626,78.31,82,20,12.66,US,1714949594
362,saipan,15.1355,145.701,84.9,70,40,13.8,MP,1714949594
363,tympaki,35.0729,24.7685,64.36,69,11,1.01,GR,1714949594
364,tazacorte,28.629,-17.9293,65.37,77,0,10.36,ES,1714949594
365,klaksvik,62.2266,-6.589,47.32,99,100,1.14,FO,1714949594
366,mana,5.6592,-53.7767,80.19,86,100,10.98,GF,1714949594
367,zakynthos,37.7914,20.8953,61.65,85,0,2.77,GR,1714949595
368,gaspe,48.8334,-64.4819,55.62,22,75,4.61,CA,1714949595
369,pelabuhan klang,3.0,101.4,79.0,87,36,4.65,MY,1714949523
370,kyaikkami,16.08,97.5675,85.6,74,20,6.78,MM,1714949595
371,madera,37.1666,-119.8343,64.44,53,34,12.53,US,1714949595
372,plock,52.5468,19.7064,54.1,92,96,7.38,PL,1714949595
373,battle creek,42.3212,-85.1797,67.53,52,40,5.75,US,1714949101
374,narasannapeta,18.4167,84.05,82.63,89,34,11.45,IN,1714949595
375,kapuskasing,49.4169,-82.4331,55.4,67,75,13.8,CA,1714949348
376,wenshui,28.4506,106.5267,60.22,79,100,2.73,CN,1714949596
377,budva,42.2864,18.84,59.25,94,0,0.0,ME,1714949596
378,kruisfontein,-34.0033,24.7314,63.73,20,31,7.61,ZA,1714949596
379,san andres,12.5847,-81.7006,87.82,66,40,8.05,CO,1714949406
380,falam,22.9167,93.6833,61.41,90,100,4.72,MM,1714949596
381,ati,13.2154,18.3353,88.74,12,1,9.44,TD,1714949596
382,sisimiut,66.9395,-53.6735,21.58,81,82,13.35,GL,1714949597
383,san antonio de pale,-1.4014,5.6325,82.56,84,15,9.6,GQ,1714949597
384,cururupu,-1.8283,-44.8683,74.95,100,98,2.66,BR,1714949597
385,akrehamn,59.2667,5.1833,50.41,93,100,5.75,NO,1714949597
386,jijel,36.8205,5.7667,60.75,82,0,3.44,DZ,1714949597
387,tidjikja,18.5564,-11.4271,90.05,10,0,8.88,MR,1714949597
388,santa vitoria do palmar,-33.5189,-53.3681,66.97,96,81,3.53,BR,1714949536
389,saudarkrokur,65.7461,-19.6394,40.41,72,97,12.88,IS,1714949597
390,cambria,35.5641,-121.0808,67.55,78,4,8.99,US,1714949597
391,laguna,38.421,-121.4238,67.14,38,20,8.05,US,1714949598
392,waitara,-38.925,174.25,64.49,81,29,6.78,NZ,1714949598
393,acapulco de juarez,16.8634,-99.8901,85.82,70,0,13.8,MX,1714949402
394,juneau,58.3019,-134.4197,48.2,93,100,18.41,US,1714949598
395,tumut,-35.3,148.2167,56.71,54,0,2.8,AU,1714949598
396,porto novo,6.4965,2.6036,85.82,82,9,8.16,BJ,1714949598
397,paracuru,-3.41,-39.0306,84.11,92,75,8.37,BR,1714949598
398,al ghayzah,16.2079,52.176,84.52,77,8,9.17,YE,1714949599
399,margate,51.3813,1.3862,54.9,80,86,1.99,GB,1714949196
400,dwarka,22.2394,68.9678,80.92,84,0,11.16,IN,1714949599
401,urucui,-7.2294,-44.5561,84.31,55,93,0.56,BR,1714949599
402,karratha,-20.7377,116.8463,73.04,42,0,10.02,AU,1714949599
403,zhangye,38.9342,100.4517,57.13,17,89,5.77,CN,1714949425
404,muli,2.9167,73.5667,85.01,75,100,13.33,MV,1714949599
405,levuka,50.1834,-105.4011,69.62,44,67,18.57,CA,1714949600
406,ovalle,-30.5983,-71.2003,63.72,41,19,4.29,CL,1714949352
407,konstantinovsk,47.5828,41.0922,42.17,50,0,7.63,RU,1714949600
408,chonchi,-42.6128,-73.8092,42.12,97,99,3.87,CL,1714949600
409,dryden,49.7833,-92.7503,59.29,33,75,8.05,CA,1714949340
410,kailua-kona,19.6406,-155.9956,81.28,80,40,8.05,US,1714949436
411,dongtai,32.8523,120.3095,61.59,89,31,10.02,CN,1714949600
412,natal,-5.795,-35.2094,81.25,89,40,6.91,BR,1714949504
413,dehri,24.8667,84.1833,82.27,26,81,6.22,IN,1714949600
414,mto wa mbu,-3.35,35.85,68.58,96,100,2.91,TZ,1714949601
415,betio village,1.358,172.9211,86.04,72,92,11.95,KI,1714949601
416,redwood falls,44.5394,-95.1169,69.82,37,0,11.5,US,1714949601
417,beyneu,45.3167,55.2,60.91,41,100,15.7,KZ,1714949601
418,agat village,13.3886,144.6585,85.35,76,0,10.36,GU,1714949601
419,floro,61.5996,5.0328,48.24,93,100,3.44,NO,1714949601
420,grand falls-windsor,48.9332,-55.6649,48.94,49,86,3.96,CA,1714949601
421,masuguru,-11.3667,38.4167,71.51,89,80,2.48,TZ,1714949601
422,krasavino,60.9614,46.4814,31.93,95,99,8.72,RU,1714949602
423,ordubad,38.9059,46.0234,57.51,54,100,3.09,AZ,1714949602
424,shitanjing,39.2342,106.3439,55.27,51,0,4.25,CN,1714949602
425,cidreira,-30.1811,-50.2056,70.14,97,35,7.83,BR,1714949602
426,stropkov,49.2021,21.6522,53.42,92,84,3.76,SK,1714949602
427,pedernales,18.0384,-71.744,83.68,70,85,4.38,DO,1714949602
428,el nido,11.1858,119.3956,84.07,75,59,6.08,PH,1714949602
429,orapa,-21.2833,25.3667,64.13,28,0,7.92,BW,1714949602
430,angaur state,6.906,134.13,83.37,69,100,13.73,PW,1714949602
431,kenai,60.5544,-151.2583,50.09,57,100,9.22,US,1714949603
432,mezhdurechenskiy,59.6,65.9333,13.26,97,18,3.74,RU,1714949603
433,tver,56.8619,35.8931,33.3,87,14,4.0,RU,1714949315
434,cockburn town,21.4612,-71.1419,77.9,85,62,20.92,TC,1714949603
435,arno,60.1167,18.6333,40.78,79,100,9.91,SE,1714949603
436,caluula,11.9661,50.7569,86.11,69,42,9.6,SO,1714949603
437,kargasok,59.0556,80.8572,36.97,69,28,10.0,RU,1714949603
438,tsiombe,-25.3,45.4833,65.43,81,2,5.82,MG,1714949604
439,alliance,40.9153,-81.1059,71.2,95,72,7.31,US,1714949512
440,chaltyr,47.2848,39.4823,51.35,58,2,5.88,RU,1714949604
441,mocimboa,-11.3167,40.35,74.84,92,99,9.06,MZ,1714949604
442,metlili chaamba,32.2667,3.6333,81.54,15,0,11.5,DZ,1714949604
443,kavaratti,10.5669,72.642,84.65,70,16,7.38,IN,1714949604
444,qamdo,31.1667,97.2333,34.39,79,42,1.79,CN,1714949604
445,rio preto da eva,-2.6994,-59.6997,76.86,98,99,2.93,BR,1714949331
446,minas,-34.3759,-55.2377,66.04,96,100,3.42,UY,1714949605
447,piat,17.7905,121.478,81.52,74,3,3.29,PH,1714949605
448,roanoke rapids,36.4615,-77.6542,70.68,100,100,0.0,US,1714949605
449,kurumkan,54.3,110.3,48.13,59,29,1.99,RU,1714949605
450,belokurikha,51.9959,84.9896,50.68,96,100,7.45,RU,1714949605
451,kuloy,61.0305,42.4925,31.08,78,83,7.74,RU,1714949605
452,port saint john's,-31.6229,29.5448,69.17,74,1,5.57,ZA,1714949605
453,palasa,18.7667,84.4167,81.7,92,47,10.65,IN,1714949606
454,cosala,24.4125,-106.6908,96.1,14,39,10.09,MX,1714949606
455,achacachi,-16.05,-68.6833,48.02,85,15,9.64,BO,1714949606
456,byron bay,-28.65,153.6167,63.95,89,99,10.67,AU,1714949606
457,aykhal,66.0,111.5,24.04,92,48,6.38,RU,1714949606
458,sira,13.7453,76.9092,80.49,60,1,3.18,IN,1714949606
459,vadso,70.0744,29.7487,29.28,80,75,10.36,NO,1714949606
460,mulanje,-16.0316,35.5,64.31,81,2,2.77,MW,1714949606
461,youhao,47.8667,128.8333,52.47,54,100,7.11,CN,1714949607
462,freetown,8.484,-13.2299,82.11,78,20,11.5,SL,1714949607
463,mo i rana,66.3128,14.1428,43.27,68,6,0.0,NO,1714949607
464,san luis de la loma,17.2706,-100.8939,85.24,56,71,7.85,MX,1714949607
465,as sulaymaniyah,35.5611,45.4375,59.43,67,40,5.75,IQ,1714949607
466,guaimaro,21.05,-77.35,78.28,79,28,14.67,CU,1714949607
467,owen sound,44.5672,-80.9435,53.98,74,14,8.19,CA,1714949607
468,ola,59.5833,151.2833,33.76,82,21,2.17,RU,1714949607
469,hammerfest,70.6634,23.6821,30.65,74,100,8.05,NO,1714949608
470,onega,63.9061,38.1404,22.24,94,19,4.5,RU,1714949608
471,lushnje,40.9419,19.705,58.06,84,0,1.68,AL,1714949608
472,kristiansund,63.1115,7.732,48.25,76,75,1.14,NO,1714949608
473,aquia harbour,38.4626,-77.3889,70.97,92,100,3.44,US,1714949608
474,mogadishu,2.0371,45.3438,80.83,82,100,11.48,SO,1714949608
475,harper,4.375,-7.7169,82.27,81,93,8.25,LR,1714949608
476,pangai,-19.8,-174.35,78.91,89,75,18.41,TO,1714949539
477,tamanrasset,22.785,5.5228,76.91,33,20,11.5,DZ,1714949608
478,pathein,16.7833,94.7333,80.67,83,1,4.83,MM,1714949609
479,sungai penuh,-2.0833,101.3833,66.18,96,58,3.65,ID,1714949609
480,saint-joseph,-21.3667,55.6167,70.18,69,29,9.95,RE,1714949609
481,billund,55.7335,9.1078,49.78,100,100,9.22,DK,1714949609
482,kattivakkam,13.2167,80.3167,88.11,88,0,18.03,IN,1714949609
483,soio,-6.1349,12.3689,78.75,89,44,5.46,AO,1714949609
484,banepa,27.6298,85.5214,62.92,77,40,3.44,NP,1714949609
485,uturoa,-16.7333,-151.4333,82.51,77,50,18.7,PF,1714949609
486,empangeni,-28.762,31.8933,65.14,95,0,3.51,ZA,1714949610
487,mawu,29.5923,107.3139,62.22,84,100,2.33,CN,1714949610
488,jonquiere,48.4165,-71.2488,52.38,92,100,4.61,CA,1714949407
489,midland,31.9974,-102.0779,75.87,68,100,13.8,US,1714949344
490,sinjar,36.3209,41.8754,64.71,44,60,5.82,IQ,1714949610
491,bodaybo,57.8506,114.1933,41.63,86,74,1.63,RU,1714949610
492,laurel,39.0993,-76.8483,70.54,94,100,5.75,US,1714949610
493,west livingston,30.6983,-95.0019,81.01,79,81,1.99,US,1714949610
494,tofol,5.3248,163.0078,83.98,100,75,14.97,FM,1714949611
495,san rafael,-34.6177,-68.3301,55.2,50,0,7.38,AR,1714949403
496,laojunmiao,39.8333,97.7333,55.18,14,100,15.12,CN,1714949611
497,skopin,53.8249,39.5505,36.36,88,5,7.29,RU,1714949611
498,changping,40.2186,116.2197,60.44,49,100,4.0,CN,1714949533
499,zbaszyn,52.2509,15.9252,52.45,90,66,6.78,PL,1714949611
500,shingu,33.7333,135.9833,66.54,85,100,5.37,JP,1714949611
501,christchurch,-43.5333,172.6333,54.41,90,40,4.61,NZ,1714949612
502,yeed,4.55,43.0333,78.35,81,100,10.69,SO,1714949612
503,keetmanshoop,-26.5833,18.1333,68.92,26,0,9.22,NA,1714949612
504,itoman,26.1247,127.6694,80.62,91,40,19.57,JP,1714949612
505,sao jose da coroa grande,-8.8978,-35.1478,79.84,84,56,10.76,BR,1714949538
506,albufeira,37.0882,-8.2503,63.01,87,100,7.99,PT,1714949612
507,formosa do rio preto,-11.0483,-45.1931,75.15,50,0,2.35,BR,1714949612
508,polyarnyy,69.1989,33.4478,29.48,92,100,19.15,RU,1714949613
509,oromocto,45.8351,-66.4792,53.53,66,75,16.11,CA,1714949613
510,jieshi,22.8134,115.8257,76.42,91,54,6.33,CN,1714949613
511,imbituba,-28.24,-48.6703,76.86,93,0,7.54,BR,1714949478
512,malvan,16.0667,73.4667,81.23,82,0,11.03,IN,1714949613
513,east london,-33.0153,27.9116,67.87,50,4,6.17,ZA,1714949613
514,alofi,-19.0595,-169.9187,76.89,94,99,6.91,NU,1714949613
515,mar del plata,-38.0023,-57.5575,60.1,97,100,11.5,AR,1714949488
516,lakatoro,-16.0999,167.4164,82.42,72,76,15.03,VU,1714949614
517,port douglas,-16.4833,145.4667,76.69,77,99,8.23,AU,1714949614
518,kirakira,-10.4544,161.9205,84.29,81,98,5.61,SB,1714949614
519,saldanha,-33.0117,17.9442,55.45,91,26,12.77,ZA,1714949614
520,merizo village,13.2658,144.6691,84.97,80,99,13.09,GU,1714949614
521,yoro,15.1333,-87.1333,92.21,34,12,8.93,HN,1714949614
522,villanueva de cordoba,38.3228,-4.6287,53.73,93,100,2.73,ES,1714949614
523,dedza,-14.3779,34.3332,56.7,80,22,1.54,MW,1714949615
524,port augusta,-32.5,137.7667,59.86,53,0,5.55,AU,1714949615
525,bahia de caraquez,-0.6,-80.4167,82.58,84,100,6.87,EC,1714949615
526,san vicente tancuayalab,21.7333,-98.5667,96.76,48,66,21.34,MX,1714949615
527,uvinza,-5.1036,30.3911,64.94,96,89,4.12,TZ,1714949615
528,mount isa,-20.7333,139.5,67.77,40,83,6.91,AU,1714949615
529,codrington,-38.2667,141.9667,56.37,74,7,10.63,AU,1714949615
530,nemuro,43.3236,145.575,44.98,94,100,2.33,JP,1714949616
531,cayeli,41.0923,40.7292,52.83,89,100,7.38,TR,1714949616
532,gaigeturi,33.4644,126.3183,62.65,82,20,5.75,KR,1714949616
533,kamiiso,41.8167,140.65,55.78,82,75,3.44,JP,1714949616
534,mombetsu,44.3525,143.3525,43.02,95,100,1.45,JP,1714949616
535,lianzhou,24.7811,112.3825,67.01,93,75,0.69,CN,1714949616
536,campo gallo,-26.5833,-62.85,71.65,85,100,4.25,AR,1714949616
537,vikhorevka,56.1201,101.1636,51.39,71,99,5.44,RU,1714949616
538,egilsstadir,65.2653,-14.3948,40.91,93,75,2.3,IS,1714949617
539,kaka,37.3482,59.6143,66.25,56,3,6.6,TM,1714949617
540,port-cartier,50.0334,-66.8654,44.82,80,100,5.55,CA,1714949553
541,shizunai-furukawacho,42.3339,142.3669,55.17,70,100,9.42,JP,1714949346
542,lata,40.1629,-8.3327,57.92,99,58,2.57,PT,1714949617
543,isangel,-19.55,169.2667,78.91,78,75,2.3,VU,1714949568
544,bhinmal,25.0,72.25,79.34,67,0,8.95,IN,1714949617
545,ishigaki,24.3448,124.1572,80.73,94,75,12.66,JP,1714949617
546,gaitania,3.0906,-75.6723,62.8,98,100,2.3,CO,1714949617
547,wynyard,-41.0,145.7167,53.22,72,51,4.34,AU,1714949618
548,waddan,29.1614,16.139,68.29,32,21,9.95,LY,1714949618
549,rethymno,35.3647,24.4714,60.42,73,73,8.55,GR,1714949618
550,chernyshevskiy,63.0128,112.4714,28.26,92,65,3.29,RU,1714949618
551,road town,18.4167,-64.6167,96.89,83,20,8.05,VG,1714949550
552,nogliki,51.8333,143.1667,34.34,75,73,11.99,RU,1714949618
553,enshi,30.3,109.4833,62.53,87,100,0.98,CN,1714949618
554,ad dilam,23.9915,47.1627,84.61,45,25,10.25,SA,1714949618
555,savoy,45.5,6.4167,49.73,45,100,4.9,FR,1714949619
556,shurugwi,-19.6702,30.0059,53.29,62,4,2.89,ZW,1714949619
557,santana,-0.0583,-51.1817,82.58,89,20,5.75,BR,1714949619
558,bom jesus da lapa,-13.255,-43.4181,79.63,55,16,7.18,BR,1714949536
559,namibe,-15.1961,12.1522,73.18,74,1,5.5,AO,1714949619
560,machina,13.1364,10.0492,88.61,16,10,6.58,NG,1714949619
561,charters towers,-20.1,146.2667,75.22,64,80,7.2,AU,1714949460
562,moussoro,13.6408,16.4901,90.79,11,13,8.99,TD,1714949619
563,kapa'a,22.0752,-159.319,82.38,74,75,18.41,US,1714949620
564,tefe,-3.3542,-64.7114,84.31,84,20,3.44,BR,1714949620
565,midvagur,62.0511,-7.1939,47.23,100,100,1.14,FO,1714949620
566,kenora,49.8167,-94.4337,61.77,36,75,16.11,CA,1714949554
567,tshela,-4.9833,12.9333,73.74,99,49,0.92,CD,1714949620
568,schollnach,48.75,13.1833,56.16,87,83,2.55,DE,1714949620
569,nizhnesortymskiy,62.4397,71.7603,18.5,91,73,15.82,RU,1714949620
570,joshimath,30.5667,79.5667,50.32,49,0,10.45,IN,1714949621
571,woolgoolga,-30.1106,153.2007,66.07,80,5,15.14,AU,1714949621
572,happy valley-goose bay,53.3168,-60.3315,66.51,37,20,11.5,CA,1714949621
573,mount gambier,-37.8333,140.7667,54.64,78,1,7.76,AU,1714949621
574,pangoa,-12.1167,-73.0,75.85,86,38,1.92,PE,1714949621
575,bodo,67.28,14.405,42.84,66,0,19.57,NO,1714949621
576,kupang,-10.1667,123.5833,81.18,83,100,8.05,ID,1714949622
577,manismata,-2.4667,111.0333,74.93,96,34,2.19,ID,1714949622
578,hilo,19.7297,-155.09,79.29,84,75,11.5,US,1714949425
579,al fulah,11.7329,28.3579,84.97,13,25,8.37,SD,1714949622
580,lagunas,-5.2269,-75.6753,79.81,86,96,2.98,PE,1714949622
581,malmberget,67.1753,20.6549,30.76,55,100,5.75,SE,1714949622
582,richards bay,-28.783,32.0377,67.95,93,0,4.81,ZA,1714949622
583,kuanda,56.3161,116.0806,51.69,57,9,2.53,RU,1714949622
584,gniew,53.836,18.8231,57.63,94,100,9.62,PL,1714949623
585,abaete,-19.16,-45.4458,71.65,61,0,5.37,BR,1714949396
586,lubang,13.8584,120.124,83.86,76,75,14.81,PH,1714949623
587,pico truncado,-46.7949,-67.9573,38.7,41,35,7.58,AR,1714949623
588,newport,51.5877,-2.9984,53.71,90,22,4.36,GB,1714949443
589,colonia menno,-22.3667,-59.8167,83.46,38,0,10.94,PY,1714949623
590,sebnitz,50.9754,14.2758,54.01,91,61,2.13,DE,1714949623
591,sabzevar,36.2126,57.6819,67.6,37,16,5.79,IR,1714949623
592,znamenskoye,57.1281,73.8282,30.49,80,59,9.35,RU,1714949624
593,likiep,9.8251,169.3107,82.63,78,97,17.52,MH,1714949624
594,sungurlu,40.1675,34.3739,40.51,75,1,5.57,TR,1714949624
595,collegedale,35.0531,-85.0502,82.92,68,75,0.0,US,1714949624
596,malpica,43.3228,-8.8105,54.34,75,27,3.6,ES,1714949624
597,pudozh,61.8099,36.5345,28.94,78,33,5.01,RU,1714949624
598,stjordalshalsen,63.4681,10.9262,53.6,54,0,9.22,NO,1714949624
599,chibougamau,49.9168,-74.3659,49.62,93,100,3.44,CA,1714949624
600,gadzhiyevo,69.2551,33.3362,29.66,92,100,18.88,RU,1714949625
601,mcalester,34.9334,-95.7697,64.49,88,100,5.75,US,1714949625
602,hassi messaoud,31.6804,6.0729,76.86,19,0,4.61,DZ,1714949625
603,san francisco de macoris,19.2952,-70.2554,83.08,91,92,4.65,DO,1714949625
604,poso,-1.3959,120.7524,77.7,92,97,3.13,ID,1714949625
605,argungu,12.7433,4.5269,98.17,20,29,4.97,NG,1714949625
